{
  "generalizes": false,
  "generated_at": "2026-07-09T17:15:58.547511+00:00",
  "model_name": "dsqwen-7b",
  "signal_column": "trs",
  "split": {
    "leakage_free": true,
    "method": "scenario_hash_holdout",
    "seed": "tre-v2-ranking-b",
    "test_fraction": 0.2,
    "test_scenarios": [
      "i1024_o128_c128",
      "i1024_o128_c80",
      "i1024_o512_c64",
      "i1024_o512_c80",
      "i128_o512_c16",
      "i128_o512_c4",
      "i512_o128_c2",
      "i512_o128_c4",
      "i512_o256_c16",
      "i512_o256_c32",
      "i512_o384_c16",
      "i512_o512_c16"
    ],
    "test_window_count": 664,
    "total_scenarios": 59,
    "total_windows": 3172,
    "train_scenarios": [
      "i1024_o128_c1",
      "i1024_o128_c16",
      "i1024_o128_c160",
      "i1024_o128_c2",
      "i1024_o128_c32",
      "i1024_o128_c4",
      "i1024_o128_c48",
      "i1024_o128_c64",
      "i1024_o128_c8",
      "i1024_o128_c96",
      "i1024_o512_c16",
      "i1024_o512_c2",
      "i1024_o512_c32",
      "i1024_o512_c4",
      "i1024_o512_c48",
      "i1024_o512_c8",
      "i1024_o512_c96",
      "i128_o128_c1",
      "i128_o128_c16",
      "i128_o128_c2",
      "i128_o128_c32",
      "i128_o128_c4",
      "i128_o128_c8",
      "i128_o512_c2",
      "i128_o512_c32",
      "i128_o512_c8",
      "i512_o128_c1",
      "i512_o128_c16",
      "i512_o128_c32",
      "i512_o128_c8",
      "i512_o256_c2",
      "i512_o256_c4",
      "i512_o256_c48",
      "i512_o256_c64",
      "i512_o256_c8",
      "i512_o384_c2",
      "i512_o384_c32",
      "i512_o384_c4",
      "i512_o384_c48",
      "i512_o384_c64",
      "i512_o384_c8",
      "i512_o512_c2",
      "i512_o512_c32",
      "i512_o512_c4",
      "i512_o512_c48",
      "i512_o512_c64",
      "i512_o512_c8"
    ],
    "train_window_count": 2508
  },
  "test": {
    "direction": {
      "auroc": 0.9443163464216096,
      "healthy_windows": 475,
      "spearman_health": 0.8659351096299258,
      "violation_windows": 189,
      "window_count": 664
    },
    "threshold": {
      "auroc": 0.9443163464216096,
      "balanced_accuracy": 0.6637037037037037,
      "false_healthy": 112,
      "false_violation": 38,
      "spearman_health": 0.8659351096299258,
      "theta": 770.3044308158387,
      "true_healthy": 437,
      "true_violation": 77
    }
  },
  "train": {
    "direction": {
      "auroc": 0.9052310857866414,
      "healthy_windows": 2184,
      "spearman_health": 0.7891511111547019,
      "violation_windows": 324,
      "window_count": 2508
    },
    "fit": {
      "attainment": 0.9000846740050804,
      "candidate_count": 2434,
      "confidence": 0.9000846740050804,
      "coverage_pass": true,
      "family_counts": {
        "i1024_o128": 404,
        "i1024_o512": 357,
        "i128_o128": 330,
        "i128_o512": 140,
        "i512_o128": 220,
        "i512_o256": 275,
        "i512_o384": 331,
        "i512_o512": 305
      },
      "publish": true,
      "reject_reason": null,
      "support": 2362,
      "theta_m": 770.3044308158387
    }
  }
}
