{
  "generalizes": false,
  "generated_at": "2026-07-09T17:15:58.426441+00:00",
  "model_name": "dsqwen-7b",
  "signal_column": "trs",
  "split": {
    "leakage_free": true,
    "method": "scenario_hash_holdout",
    "seed": "tre-v2-ranking",
    "test_fraction": 0.2,
    "test_scenarios": [
      "i1024_o128_c128",
      "i1024_o128_c160",
      "i1024_o512_c16",
      "i1024_o512_c8",
      "i1024_o512_c80",
      "i128_o512_c4",
      "i512_o128_c2",
      "i512_o256_c16",
      "i512_o384_c2",
      "i512_o384_c32",
      "i512_o512_c16",
      "i512_o512_c48"
    ],
    "test_window_count": 666,
    "total_scenarios": 59,
    "total_windows": 3172,
    "train_scenarios": [
      "i1024_o128_c1",
      "i1024_o128_c16",
      "i1024_o128_c2",
      "i1024_o128_c32",
      "i1024_o128_c4",
      "i1024_o128_c48",
      "i1024_o128_c64",
      "i1024_o128_c8",
      "i1024_o128_c80",
      "i1024_o128_c96",
      "i1024_o512_c2",
      "i1024_o512_c32",
      "i1024_o512_c4",
      "i1024_o512_c48",
      "i1024_o512_c64",
      "i1024_o512_c96",
      "i128_o128_c1",
      "i128_o128_c16",
      "i128_o128_c2",
      "i128_o128_c32",
      "i128_o128_c4",
      "i128_o128_c8",
      "i128_o512_c16",
      "i128_o512_c2",
      "i128_o512_c32",
      "i128_o512_c8",
      "i512_o128_c1",
      "i512_o128_c16",
      "i512_o128_c32",
      "i512_o128_c4",
      "i512_o128_c8",
      "i512_o256_c2",
      "i512_o256_c32",
      "i512_o256_c4",
      "i512_o256_c48",
      "i512_o256_c64",
      "i512_o256_c8",
      "i512_o384_c16",
      "i512_o384_c4",
      "i512_o384_c48",
      "i512_o384_c64",
      "i512_o384_c8",
      "i512_o512_c2",
      "i512_o512_c32",
      "i512_o512_c4",
      "i512_o512_c64",
      "i512_o512_c8"
    ],
    "train_window_count": 2506
  },
  "test": {
    "direction": {
      "auroc": 0.96821804953726,
      "healthy_windows": 465,
      "spearman_health": 0.8568312051596487,
      "violation_windows": 201,
      "window_count": 666
    },
    "threshold": {
      "auroc": 0.96821804953726,
      "balanced_accuracy": 0.7960199004975124,
      "false_healthy": 82,
      "false_violation": 0,
      "spearman_health": 0.8568312051596487,
      "theta": 935.1509369622809,
      "true_healthy": 465,
      "true_violation": 119
    }
  },
  "train": {
    "direction": {
      "auroc": 0.9058723675291588,
      "healthy_windows": 2194,
      "spearman_health": 0.7912430692404546,
      "violation_windows": 312,
      "window_count": 2506
    },
    "fit": {
      "attainment": 0.9003466204506065,
      "candidate_count": 2437,
      "confidence": 0.9003466204506065,
      "coverage_pass": true,
      "family_counts": {
        "i1024_o128": 375,
        "i1024_o512": 278,
        "i128_o128": 330,
        "i128_o512": 195,
        "i512_o128": 275,
        "i512_o256": 330,
        "i512_o384": 276,
        "i512_o512": 249
      },
      "publish": true,
      "reject_reason": null,
      "support": 2308,
      "theta_m": 935.1509369622809
    }
  }
}
