{
  "arm": "tre",
  "trace": "t2",
  "axis": "A2 anticorrelated",
  "tier": "loose",
  "n_requests": 33365,
  "n_200": 31666,
  "n_503": 1695,
  "n_status0": 4,
  "V_sys_time_frac_weighted": 0.331735,
  "V_sys_request_frac_weighted": 0.20012,
  "unload_503_rate": 0.050802,
  "per_model": {
    "dsllama-8b": {
      "n_requests": 10843,
      "n_200": 9358,
      "n_503": 1481,
      "unload_503_rate": 0.136586,
      "violation_time_frac": 0.5662100456621004,
      "violation_request_frac": 0.44710873374527343,
      "p95_ttft_ms_200": 26829.34,
      "p95_e2e_ms_200": 58985.78
    },
    "dsqwen-14b": {
      "n_requests": 6648,
      "n_200": 6648,
      "n_503": 0,
      "unload_503_rate": 0.0,
      "violation_time_frac": 0.0,
      "violation_request_frac": 0.0,
      "p95_ttft_ms_200": 103.52,
      "p95_e2e_ms_200": 2222.01
    },
    "dsqwen-7b": {
      "n_requests": 15874,
      "n_200": 15660,
      "n_503": 214,
      "unload_503_rate": 0.013481,
      "violation_time_frac": 0.3105022831050228,
      "violation_request_frac": 0.11521985636890512,
      "p95_ttft_ms_200": 4291.32,
      "p95_e2e_ms_200": 17327.99
    }
  },
  "behavior": {
    "peak_awake": {
      "dsqwen-7b": 4,
      "dsllama-8b": 1,
      "dsqwen-14b": 1
    },
    "first_scaleup_s": {
      "dsqwen-7b": 157.0,
      "dsllama-8b": null,
      "dsqwen-14b": null
    },
    "final_awake": {
      "dsqwen-7b": 4,
      "dsllama-8b": 1,
      "dsqwen-14b": 1
    }
  }
}