{
  "arm": "apa",
  "trace": "t1",
  "axis": "A1 demand_shift",
  "tier": "tight(1.0)",
  "n_requests": 24182,
  "n_200": 15511,
  "n_503": 8671,
  "n_status0": 0,
  "V_sys_time_frac_weighted": 0.338874,
  "V_sys_request_frac_weighted": 0.554793,
  "unload_503_rate": 0.358572,
  "per_model": {
    "dsllama-8b": {
      "n_requests": 7193,
      "n_200": 4626,
      "n_503": 2567,
      "unload_503_rate": 0.356875,
      "violation_time_frac": 0.4258064516129032,
      "violation_request_frac": 0.6224106770471292,
      "p95_ttft_ms_200": 33527.9,
      "p95_e2e_ms_200": 64675.29
    },
    "dsqwen-14b": {
      "n_requests": 4937,
      "n_200": 4937,
      "n_503": 0,
      "unload_503_rate": 0.0,
      "violation_time_frac": 0.0,
      "violation_request_frac": 0.0,
      "p95_ttft_ms_200": 61.53,
      "p95_e2e_ms_200": 2192.15
    },
    "dsqwen-7b": {
      "n_requests": 12052,
      "n_200": 5948,
      "n_503": 6104,
      "unload_503_rate": 0.506472,
      "violation_time_frac": 0.4258064516129032,
      "violation_request_frac": 0.741702621971457,
      "p95_ttft_ms_200": 22293.74,
      "p95_e2e_ms_200": 48548.04
    }
  },
  "behavior": {
    "peak_awake": {
      "dsqwen-7b": 1,
      "dsllama-8b": 1,
      "dsqwen-14b": 1
    },
    "first_scaleup_s": {
      "dsqwen-7b": null,
      "dsllama-8b": null,
      "dsqwen-14b": null
    },
    "final_awake": {
      "dsqwen-7b": 1,
      "dsllama-8b": 1,
      "dsqwen-14b": 1
    }
  }
}