{
  "arm": "tre",
  "trace": "t4",
  "axis": "A4 spike_vs_burst",
  "tier": "loose",
  "n_requests": 15048,
  "n_200": 15007,
  "n_503": 41,
  "n_status0": 0,
  "V_sys_time_frac_weighted": 0.135393,
  "V_sys_request_frac_weighted": 0.088317,
  "unload_503_rate": 0.002725,
  "per_model": {
    "dsllama-8b": {
      "n_requests": 4084,
      "n_200": 4084,
      "n_503": 0,
      "unload_503_rate": 0.0,
      "violation_time_frac": 0.06293706293706294,
      "violation_request_frac": 0.03648383937316357,
      "p95_ttft_ms_200": 95.12,
      "p95_e2e_ms_200": 4225.91
    },
    "dsqwen-14b": {
      "n_requests": 4436,
      "n_200": 4436,
      "n_503": 0,
      "unload_503_rate": 0.0,
      "violation_time_frac": 0.0,
      "violation_request_frac": 0.0,
      "p95_ttft_ms_200": 62.31,
      "p95_e2e_ms_200": 2187.33
    },
    "dsqwen-7b": {
      "n_requests": 6528,
      "n_200": 6487,
      "n_503": 41,
      "unload_503_rate": 0.006281,
      "violation_time_frac": 0.2727272727272727,
      "violation_request_frac": 0.18075980392156862,
      "p95_ttft_ms_200": 7708.01,
      "p95_e2e_ms_200": 22773.86
    }
  },
  "behavior": {
    "peak_awake": {
      "dsqwen-7b": 3,
      "dsllama-8b": 1,
      "dsqwen-14b": 1
    },
    "first_scaleup_s": {
      "dsqwen-7b": 188.0,
      "dsllama-8b": null,
      "dsqwen-14b": null
    },
    "final_awake": {
      "dsqwen-7b": 3,
      "dsllama-8b": 1,
      "dsqwen-14b": 1
    }
  }
}