{
  "arm": "apa",
  "trace": "t5",
  "axis": "A5 tp_pressure",
  "tier": "tight(1.0)",
  "n_requests": 31308,
  "n_200": 22993,
  "n_503": 8315,
  "n_status0": 0,
  "V_sys_time_frac_weighted": 0.500923,
  "V_sys_request_frac_weighted": 0.553341,
  "unload_503_rate": 0.265587,
  "per_model": {
    "dsllama-8b": {
      "n_requests": 5886,
      "n_200": 5885,
      "n_503": 1,
      "unload_503_rate": 0.00017,
      "violation_time_frac": 0.03428571428571429,
      "violation_request_frac": 0.00016989466530750936,
      "p95_ttft_ms_200": 68.31,
      "p95_e2e_ms_200": 2163.42
    },
    "dsqwen-14b": {
      "n_requests": 18637,
      "n_200": 10324,
      "n_503": 8313,
      "unload_503_rate": 0.446048,
      "violation_time_frac": 0.8181818181818182,
      "violation_request_frac": 0.9294414337071417,
      "p95_ttft_ms_200": 17725.1,
      "p95_e2e_ms_200": 35718.54
    },
    "dsqwen-7b": {
      "n_requests": 6785,
      "n_200": 6784,
      "n_503": 1,
      "unload_503_rate": 0.000147,
      "violation_time_frac": 0.03428571428571429,
      "violation_request_frac": 0.00014738393515106854,
      "p95_ttft_ms_200": 63.68,
      "p95_e2e_ms_200": 1953.78
    }
  },
  "behavior": {
    "peak_awake": {
      "dsqwen-7b": 1,
      "dsllama-8b": 1,
      "dsqwen-14b": 1
    },
    "first_scaleup_s": {
      "dsqwen-7b": null,
      "dsllama-8b": null,
      "dsqwen-14b": null
    },
    "final_awake": {
      "dsqwen-7b": 1,
      "dsllama-8b": 1,
      "dsqwen-14b": 1
    }
  }
}