{
  "arm": "tre",
  "trace": "t5",
  "axis": "A5 tp_pressure",
  "tier": "tight(1.0)",
  "n_requests": 31308,
  "n_200": 22985,
  "n_503": 8323,
  "n_status0": 0,
  "V_sys_time_frac_weighted": 0.510778,
  "V_sys_request_frac_weighted": 0.553405,
  "unload_503_rate": 0.265843,
  "per_model": {
    "dsllama-8b": {
      "n_requests": 5886,
      "n_200": 5884,
      "n_503": 2,
      "unload_503_rate": 0.00034,
      "violation_time_frac": 0.05714285714285714,
      "violation_request_frac": 0.0003397893306150187,
      "p95_ttft_ms_200": 69.38,
      "p95_e2e_ms_200": 2160.74
    },
    "dsqwen-14b": {
      "n_requests": 18637,
      "n_200": 10316,
      "n_503": 8321,
      "unload_503_rate": 0.446477,
      "violation_time_frac": 0.84,
      "violation_request_frac": 0.9295487471159521,
      "p95_ttft_ms_200": 17777.01,
      "p95_e2e_ms_200": 35833.58
    },
    "dsqwen-7b": {
      "n_requests": 6785,
      "n_200": 6785,
      "n_503": 0,
      "unload_503_rate": 0.0,
      "violation_time_frac": 0.0,
      "violation_request_frac": 0.0,
      "p95_ttft_ms_200": 64.29,
      "p95_e2e_ms_200": 1954.88
    }
  },
  "behavior": {
    "peak_awake": {
      "dsqwen-7b": 1,
      "dsllama-8b": 1,
      "dsqwen-14b": 1
    },
    "first_scaleup_s": {
      "dsqwen-7b": null,
      "dsllama-8b": null,
      "dsqwen-14b": null
    },
    "final_awake": {
      "dsqwen-7b": 1,
      "dsllama-8b": 1,
      "dsqwen-14b": 1
    }
  }
}