{
  "arm": "apa",
  "trace": "t3",
  "axis": "A3 io_drift",
  "tier": "loose",
  "n_requests": 29956,
  "n_200": 25065,
  "n_503": 4891,
  "n_status0": 0,
  "V_sys_time_frac_weighted": 0.528025,
  "V_sys_request_frac_weighted": 0.501369,
  "unload_503_rate": 0.163273,
  "per_model": {
    "dsllama-8b": {
      "n_requests": 5961,
      "n_200": 5961,
      "n_503": 0,
      "unload_503_rate": 0.0,
      "violation_time_frac": 0.0,
      "violation_request_frac": 0.0,
      "p95_ttft_ms_200": 62.58,
      "p95_e2e_ms_200": 2060.15
    },
    "dsqwen-14b": {
      "n_requests": 6615,
      "n_200": 6612,
      "n_503": 3,
      "unload_503_rate": 0.000454,
      "violation_time_frac": 0.08450704225352113,
      "violation_request_frac": 0.00045351473922902497,
      "p95_ttft_ms_200": 56.01,
      "p95_e2e_ms_200": 2186.57
    },
    "dsqwen-7b": {
      "n_requests": 17380,
      "n_200": 12492,
      "n_503": 4888,
      "unload_503_rate": 0.281243,
      "violation_time_frac": 0.8779342723004695,
      "violation_request_frac": 0.8639815880322209,
      "p95_ttft_ms_200": 18108.44,
      "p95_e2e_ms_200": 41861.25
    }
  },
  "behavior": {
    "peak_awake": {
      "dsqwen-7b": 1,
      "dsllama-8b": 1,
      "dsqwen-14b": 1
    },
    "first_scaleup_s": {
      "dsqwen-7b": null,
      "dsllama-8b": null,
      "dsqwen-14b": null
    },
    "final_awake": {
      "dsqwen-7b": 1,
      "dsllama-8b": 1,
      "dsqwen-14b": 1
    }
  }
}