{
  "bootstrap": {
    "n_cells_resampled": 56,
    "n_published": 2000,
    "n_resamples": 2000,
    "publish_rate": 1.0,
    "seed": 42,
    "theta_mean": 850.7853616324829,
    "theta_p2_5": 247.4172794117647,
    "theta_p50": 1004.2088350174737,
    "theta_p97_5": 1166.6056626855523,
    "theta_std": 327.4096962739195
  },
  "fit_config": {
    "max_single_scenario_ratio": 0.7,
    "min_confidence": 0.9,
    "min_scenario_families": 2,
    "min_support": 3,
    "reliability_target": 0.9
  },
  "generated_at": "2026-07-09T08:56:17.469444+00:00",
  "model_name": "dsqwen-14b",
  "point_fit": {
    "attainment": 0.9002659574468085,
    "candidate_count": 3054,
    "confidence": 0.9002659574468085,
    "coverage_pass": true,
    "family_counts": {
      "i1024_o128": 493,
      "i1024_o512": 679,
      "i128_o128": 330,
      "i128_o512": 363,
      "i512_o128": 494,
      "i512_o512": 649
    },
    "publish": true,
    "reject_reason": null,
    "support": 3008,
    "theta": 1020.2350905172023
  },
  "signal_column": "trs",
  "slo": {
    "e2e_p95": 15000.0,
    "tpot_p95": 75.0,
    "ttft_p95": 500.0
  },
  "window": {
    "count": 3101,
    "n_cells": 56
  }
}
