{
  "bootstrap": {
    "n_cells_resampled": 33,
    "n_published": 2000,
    "n_resamples": 2000,
    "publish_rate": 1.0,
    "seed": 42,
    "theta_mean": 648.070463327119,
    "theta_p2_5": 209.6470588235294,
    "theta_p50": 209.6470588235294,
    "theta_p97_5": 1351.199290448605,
    "theta_std": 494.73537735074564
  },
  "fit_config": {
    "max_single_scenario_ratio": 0.7,
    "min_confidence": 0.9,
    "min_scenario_families": 2,
    "min_support": 3,
    "reliability_target": 0.9
  },
  "generated_at": "2026-07-09T06:08:39.145884+00:00",
  "model_name": "dsllama-8b",
  "point_fit": {
    "attainment": 0.9371633752244165,
    "candidate_count": 1658,
    "confidence": 0.9371633752244165,
    "coverage_pass": true,
    "family_counts": {
      "i1024_o128": 329,
      "i1024_o512": 224,
      "i128_o128": 329,
      "i128_o512": 232,
      "i512_o128": 330,
      "i512_o512": 227
    },
    "publish": true,
    "reject_reason": null,
    "support": 1671,
    "theta": 209.6470588235294
  },
  "signal_column": "trs",
  "slo": {
    "e2e_p95": 12000.0,
    "tpot_p95": 75.0,
    "ttft_p95": 500.0
  },
  "window": {
    "count": 1671,
    "n_cells": 33
  }
}
