{
  "bootstrap": {
    "n_cells_resampled": 46,
    "n_published": 2000,
    "n_resamples": 2000,
    "publish_rate": 1.0,
    "seed": 42,
    "theta_mean": 428.56201945625537,
    "theta_p2_5": 247.4172794117647,
    "theta_p50": 247.4172794117647,
    "theta_p97_5": 1020.7145937224149,
    "theta_std": 251.70171903107135
  },
  "fit_config": {
    "max_single_scenario_ratio": 0.7,
    "min_confidence": 0.9,
    "min_scenario_families": 2,
    "min_support": 3,
    "reliability_target": 0.9
  },
  "generated_at": "2026-07-09T06:08:41.152779+00:00",
  "model_name": "dsqwen-14b",
  "point_fit": {
    "attainment": 0.9492725127801809,
    "candidate_count": 2499,
    "confidence": 0.9492725127801809,
    "coverage_pass": true,
    "family_counts": {
      "i1024_o128": 495,
      "i1024_o512": 501,
      "i128_o128": 330,
      "i128_o512": 221,
      "i512_o128": 494,
      "i512_o512": 502
    },
    "publish": true,
    "reject_reason": null,
    "support": 2543,
    "theta": 247.4172794117647
  },
  "signal_column": "trs",
  "slo": {
    "e2e_p95": 15000.0,
    "tpot_p95": 75.0,
    "ttft_p95": 500.0
  },
  "window": {
    "count": 2543,
    "n_cells": 46
  }
}
