{
  "bootstrap": {
    "n_cells_resampled": 49,
    "n_published": 2000,
    "n_resamples": 2000,
    "publish_rate": 1.0,
    "seed": 42,
    "theta_mean": 858.3614937951421,
    "theta_p2_5": 715.2709967116108,
    "theta_p50": 766.5410415154765,
    "theta_p97_5": 1202.1307639851252,
    "theta_std": 170.86981331746117
  },
  "fit_config": {
    "max_single_scenario_ratio": 0.7,
    "min_confidence": 0.9,
    "min_scenario_families": 2,
    "min_support": 3,
    "reliability_target": 0.9
  },
  "generated_at": "2026-07-09T06:08:36.376727+00:00",
  "model_name": "dsqwen-7b",
  "point_fit": {
    "attainment": 0.9156166475754105,
    "candidate_count": 2531,
    "confidence": 0.9156166475754105,
    "coverage_pass": true,
    "family_counts": {
      "i1024_o128": 440,
      "i1024_o512": 357,
      "i128_o128": 330,
      "i128_o512": 251,
      "i512_o128": 330,
      "i512_o256": 275,
      "i512_o384": 275,
      "i512_o512": 361
    },
    "publish": true,
    "reject_reason": null,
    "support": 2619,
    "theta": 715.2709967116108
  },
  "signal_column": "trs",
  "slo": {
    "e2e_p95": 12000.0,
    "tpot_p95": 75.0,
    "ttft_p95": 500.0
  },
  "window": {
    "count": 2619,
    "n_cells": 49
  }
}
