{
  "bootstrap": {
    "n_cells_resampled": 53,
    "n_published": 2000,
    "n_resamples": 2000,
    "publish_rate": 1.0,
    "seed": 42,
    "theta_mean": 737.1011674793411,
    "theta_p2_5": 247.4172794117647,
    "theta_p50": 905.8946936326236,
    "theta_p97_5": 1147.8894310591293,
    "theta_std": 354.4063281096457
  },
  "fit_config": {
    "max_single_scenario_ratio": 0.7,
    "min_confidence": 0.9,
    "min_scenario_families": 2,
    "min_support": 3,
    "reliability_target": 0.9
  },
  "generated_at": "2026-07-09T08:08:38.433156+00:00",
  "model_name": "dsqwen-14b",
  "point_fit": {
    "attainment": 0.9001029866117405,
    "candidate_count": 2888,
    "confidence": 0.9001029866117405,
    "coverage_pass": true,
    "family_counts": {
      "i1024_o128": 493,
      "i1024_o512": 607,
      "i128_o128": 330,
      "i128_o512": 381,
      "i512_o128": 494,
      "i512_o512": 608
    },
    "publish": true,
    "reject_reason": null,
    "support": 2913,
    "theta": 934.9962255242546
  },
  "signal_column": "trs",
  "slo": {
    "e2e_p95": 15000.0,
    "tpot_p95": 75.0,
    "ttft_p95": 500.0
  },
  "window": {
    "count": 2933,
    "n_cells": 53
  }
}
