{
  "bootstrap": {
    "n_cells_resampled": 57,
    "n_published": 2000,
    "n_resamples": 2000,
    "publish_rate": 1.0,
    "seed": 42,
    "theta_mean": 922.7538575346276,
    "theta_p2_5": 463.04347826086956,
    "theta_p50": 984.6948168565202,
    "theta_p97_5": 1212.3994373302896,
    "theta_std": 231.85458636215617
  },
  "fit_config": {
    "max_single_scenario_ratio": 0.7,
    "min_confidence": 0.9,
    "min_scenario_families": 2,
    "min_support": 3,
    "reliability_target": 0.9
  },
  "generated_at": "2026-07-09T14:34:59.490592+00:00",
  "model_name": "dsqwen-7b",
  "point_fit": {
    "attainment": 0.900177619893428,
    "candidate_count": 2974,
    "confidence": 0.900177619893428,
    "coverage_pass": true,
    "family_counts": {
      "i1024_o128": 352,
      "i1024_o512": 420,
      "i128_o128": 330,
      "i128_o512": 251,
      "i512_o128": 330,
      "i512_o256": 385,
      "i512_o384": 386,
      "i512_o512": 361
    },
    "publish": true,
    "reject_reason": null,
    "support": 2815,
    "theta": 993.4687597800112
  },
  "signal_column": "trs",
  "slo": {
    "e2e_p95": 12000.0,
    "tpot_p95": 75.0,
    "ttft_p95": 500.0
  },
  "window": {
    "count": 3062,
    "n_cells": 57
  }
}
