{
  "fit": {
    "attainment": 0.9371633752244165,
    "candidate_count": 1658,
    "confidence": 0.9371633752244165,
    "coverage_pass": true,
    "family_counts": {
      "i1024_o128": 329,
      "i1024_o512": 224,
      "i128_o128": 329,
      "i128_o512": 232,
      "i512_o128": 330,
      "i512_o512": 227
    },
    "reject_reason": null,
    "support": 1671
  },
  "generated_at": "2026-07-09T06:09:30.424503+00:00",
  "metrics": {
    "auroc": 0.9261022927689594,
    "objective": 0.7943992266817106,
    "spearman_health": 0.5887984533634212
  },
  "model_name": "dsllama-8b",
  "publish": true,
  "trs": {
    "lambda_wait": 1.875,
    "qmin": 1.0,
    "theta_m": 296.4705882352941,
    "w_p": 0.08
  }
}
