{
  "per_model": {
    "dsllama-8b": {
      "n_requests": 6077,
      "n_requests_total": 6101,
      "n_requests_trimmed": 24,
      "n_success": 6075,
      "n_windows_scored": 212,
      "scoring_start_ms": 1783687382599,
      "success_rate": 0.9996708902418957,
      "trim_ramp_windows": 1,
      "violation_request_frac": 0.0003291097581043278,
      "violation_time_frac": 0.0330188679245283
    },
    "dsqwen-14b": {
      "n_requests": 6422,
      "n_requests_total": 6457,
      "n_requests_trimmed": 35,
      "n_success": 6421,
      "n_windows_scored": 212,
      "scoring_start_ms": 1783687382599,
      "success_rate": 0.9998442852693865,
      "trim_ramp_windows": 1,
      "violation_request_frac": 0.00015571473061351605,
      "violation_time_frac": 0.02830188679245283
    },
    "dsqwen-7b": {
      "n_requests": 17356,
      "n_requests_total": 17396,
      "n_requests_trimmed": 40,
      "n_success": 12662,
      "n_windows_scored": 212,
      "scoring_start_ms": 1783687382599,
      "success_rate": 0.7295459783360221,
      "trim_ramp_windows": 1,
      "violation_request_frac": 0.8283014519474533,
      "violation_time_frac": 0.8301886792452831
    }
  },
  "scoring": {
    "min_samples": 5,
    "step_ms": 5000,
    "trace_start_ms": 1783687377599,
    "trim_ramp_windows": 1,
    "trim_scope": "trace_start_only",
    "window_ms": 30000
  },
  "source": "/data/nfs_shared_data/xxy/aibrix/tre/docs/refactor/p11_evidence/canonical_rerun_20260715/t3_apa_seed1/requests.jsonl",
  "system": {
    "n_requests": 29855,
    "n_requests_total": 29954,
    "n_requests_trimmed": 99,
    "n_success": 25158,
    "success_rate": 0.842672919109027,
    "violation_request_frac": 0.4816278680288059,
    "violation_time_frac": 0.4954334313964034
  }
}
