{
  "generalizes": false,
  "generated_at": "2026-07-08T18:24:19.515536+00:00",
  "model_name": "dsllama-8b",
  "signal_column": "trs",
  "split": {
    "leakage_free": true,
    "method": "scenario_hash_holdout",
    "seed": "tre-v2-ranking-b",
    "test_fraction": 0.2,
    "test_scenarios": [
      "i1024_o128_c32",
      "i128_o512_c16",
      "i128_o512_c4",
      "i512_o128_c2",
      "i512_o128_c32",
      "i512_o128_c4",
      "i512_o512_c16"
    ],
    "test_window_count": 387,
    "total_scenarios": 33,
    "total_windows": 1671,
    "train_scenarios": [
      "i1024_o128_c1",
      "i1024_o128_c16",
      "i1024_o128_c2",
      "i1024_o128_c4",
      "i1024_o128_c8",
      "i1024_o512_c16",
      "i1024_o512_c2",
      "i1024_o512_c32",
      "i1024_o512_c4",
      "i1024_o512_c8",
      "i128_o128_c1",
      "i128_o128_c16",
      "i128_o128_c2",
      "i128_o128_c32",
      "i128_o128_c4",
      "i128_o128_c8",
      "i128_o512_c2",
      "i128_o512_c32",
      "i128_o512_c8",
      "i512_o128_c1",
      "i512_o128_c16",
      "i512_o128_c8",
      "i512_o512_c2",
      "i512_o512_c32",
      "i512_o512_c4",
      "i512_o512_c8"
    ],
    "train_window_count": 1284
  },
  "test": {
    "direction": {
      "auroc": 0.7711670480549199,
      "healthy_windows": 368,
      "spearman_health": 0.8517379300282257,
      "violation_windows": 19,
      "window_count": 387
    },
    "threshold": {
      "auroc": 0.7711670480549199,
      "balanced_accuracy": 0.5,
      "false_healthy": 19,
      "false_violation": 0,
      "spearman_health": 0.8517379300282257,
      "theta": 209.6470588235294,
      "true_healthy": 368,
      "true_violation": 0
    }
  },
  "train": {
    "direction": {
      "auroc": 0.9637574251659743,
      "healthy_windows": 1198,
      "spearman_health": 0.6375622750048284,
      "violation_windows": 86,
      "window_count": 1284
    },
    "fit": {
      "attainment": 0.9330218068535826,
      "candidate_count": 1274,
      "confidence": 0.9330218068535826,
      "coverage_pass": true,
      "family_counts": {
        "i1024_o128": 274,
        "i1024_o512": 224,
        "i128_o128": 329,
        "i128_o512": 121,
        "i512_o128": 165,
        "i512_o512": 171
      },
      "publish": true,
      "reject_reason": null,
      "support": 1284,
      "theta_m": 209.6470588235294
    }
  }
}
