{
  "trace": "/data/nfs_shared_data/xxy/aibrix/tre/replayer/traces_v2/t2_a2_anticorrelated/trace.json",
  "requests": 33475,
  "schedule_p99_delay_ms": 55.78,
  "schedule_rps_error": 0.0,
  "max_pool_wait_ms": 7451.62,
  "trim_ramp_windows": 1,
  "per_model": {
    "dsllama-8b": {
      "violation_time_frac": 0.5159817351598174,
      "violation_request_frac": 0.43405877976190477,
      "n_requests": 10752,
      "n_requests_total": 10777,
      "n_requests_trimmed": 25,
      "n_success": 9367,
      "success_rate": 0.8711867559523809,
      "n_windows_scored": 219,
      "trim_ramp_windows": 1,
      "scoring_start_ms": 1783683679736
    },
    "dsqwen-14b": {
      "violation_time_frac": 0.013761467889908258,
      "violation_request_frac": 0.0001502178158329578,
      "n_requests": 6657,
      "n_requests_total": 6677,
      "n_requests_trimmed": 20,
      "n_success": 6656,
      "success_rate": 0.9998497821841671,
      "n_windows_scored": 218,
      "trim_ramp_windows": 1,
      "scoring_start_ms": 1783683679736
    },
    "dsqwen-7b": {
      "violation_time_frac": 0.5412844036697247,
      "violation_request_frac": 0.5411455727863932,
      "n_requests": 15992,
      "n_requests_total": 16021,
      "n_requests_trimmed": 29,
      "n_success": 11931,
      "success_rate": 0.7460605302651325,
      "n_windows_scored": 218,
      "trim_ramp_windows": 1,
      "scoring_start_ms": 1783683679736
    }
  }
}
