{
  "per_model": {
    "dsllama-8b": {
      "n_requests": 13826,
      "n_requests_total": 13851,
      "n_requests_trimmed": 25,
      "n_success": 9352,
      "n_windows_scored": 218,
      "scoring_start_ms": 1783700558235,
      "success_rate": 0.6764067698538985,
      "trim_ramp_windows": 1,
      "violation_request_frac": 0.5610444090843338,
      "violation_time_frac": 0.5137614678899083
    },
    "dsqwen-14b": {
      "n_requests": 6584,
      "n_requests_total": 6617,
      "n_requests_trimmed": 33,
      "n_success": 6583,
      "n_windows_scored": 219,
      "scoring_start_ms": 1783700558235,
      "success_rate": 0.9998481166464156,
      "trim_ramp_windows": 1,
      "violation_request_frac": 0.0004556500607533414,
      "violation_time_frac": 0.0273972602739726
    },
    "dsqwen-7b": {
      "n_requests": 22008,
      "n_requests_total": 22042,
      "n_requests_trimmed": 34,
      "n_success": 12121,
      "n_windows_scored": 218,
      "scoring_start_ms": 1783700558235,
      "success_rate": 0.5507542711741185,
      "trim_ramp_windows": 1,
      "violation_request_frac": 0.666030534351145,
      "violation_time_frac": 0.5045871559633027
    }
  },
  "scoring": {
    "min_samples": 5,
    "step_ms": 5000,
    "trace_start_ms": 1783700553235,
    "trim_ramp_windows": 1,
    "trim_scope": "trace_start_only",
    "window_ms": 30000
  },
  "source": "/data/nfs_shared_data/xxy/aibrix/tre/docs/refactor/p11_evidence/canonical_rerun_20260715/t7_apa_seed1/requests.jsonl",
  "system": {
    "n_requests": 42418,
    "n_requests_total": 42510,
    "n_requests_trimmed": 92,
    "n_success": 28056,
    "success_rate": 0.6614173228346457,
    "violation_request_frac": 0.5285020510160781,
    "violation_time_frac": 0.4335094475253447
  }
}
