{
  "arm": "tre",
  "trace": "t3",
  "axis": "A3 io_drift",
  "tier": "loose",
  "n_requests": 29956,
  "n_200": 29953,
  "n_503": 3,
  "n_status0": 0,
  "V_sys_time_frac_weighted": 0.11456,
  "V_sys_request_frac_weighted": 0.018661,
  "unload_503_rate": 0.0001,
  "per_model": {
    "dsllama-8b": {
      "n_requests": 5961,
      "n_200": 5960,
      "n_503": 1,
      "unload_503_rate": 0.000168,
      "violation_time_frac": 0.028169014084507043,
      "violation_request_frac": 0.00016775708773695687,
      "p95_ttft_ms_200": 70.45,
      "p95_e2e_ms_200": 2066.22
    },
    "dsqwen-14b": {
      "n_requests": 6615,
      "n_200": 6615,
      "n_503": 0,
      "unload_503_rate": 0.0,
      "violation_time_frac": 0.0,
      "violation_request_frac": 0.0,
      "p95_ttft_ms_200": 66.85,
      "p95_e2e_ms_200": 2194.57
    },
    "dsqwen-7b": {
      "n_requests": 17380,
      "n_200": 17378,
      "n_503": 2,
      "unload_503_rate": 0.000115,
      "violation_time_frac": 0.18779342723004694,
      "violation_request_frac": 0.03210586881472957,
      "p95_ttft_ms_200": 141.12,
      "p95_e2e_ms_200": 9915.8
    }
  },
  "behavior": {
    "peak_awake": {
      "dsqwen-7b": 4,
      "dsllama-8b": 1,
      "dsqwen-14b": 1
    },
    "first_scaleup_s": {
      "dsqwen-7b": 141.0,
      "dsllama-8b": null,
      "dsqwen-14b": null
    },
    "final_awake": {
      "dsqwen-7b": 4,
      "dsllama-8b": 1,
      "dsqwen-14b": 1
    }
  }
}