{
  "arm": "apa",
  "trace": "t2",
  "axis": "A2 anticorrelated",
  "tier": "loose",
  "n_requests": 33365,
  "n_200": 27733,
  "n_503": 5627,
  "n_status0": 5,
  "V_sys_time_frac_weighted": 0.418738,
  "V_sys_request_frac_weighted": 0.403117,
  "unload_503_rate": 0.16865,
  "per_model": {
    "dsllama-8b": {
      "n_requests": 10843,
      "n_200": 9444,
      "n_503": 1394,
      "unload_503_rate": 0.128562,
      "violation_time_frac": 0.5296803652968036,
      "violation_request_frac": 0.43567278428479206,
      "p95_ttft_ms_200": 26291.57,
      "p95_e2e_ms_200": 58998.57
    },
    "dsqwen-14b": {
      "n_requests": 6648,
      "n_200": 6647,
      "n_503": 1,
      "unload_503_rate": 0.00015,
      "violation_time_frac": 0.0273972602739726,
      "violation_request_frac": 0.00015042117930204573,
      "p95_ttft_ms_200": 62.26,
      "p95_e2e_ms_200": 2192.58
    },
    "dsqwen-7b": {
      "n_requests": 15874,
      "n_200": 11642,
      "n_503": 4232,
      "unload_503_rate": 0.266599,
      "violation_time_frac": 0.5068493150684932,
      "violation_request_frac": 0.5496409222628197,
      "p95_ttft_ms_200": 17590.99,
      "p95_e2e_ms_200": 44952.56
    }
  },
  "behavior": {
    "peak_awake": {
      "dsqwen-7b": 1,
      "dsllama-8b": 1,
      "dsqwen-14b": 1
    },
    "first_scaleup_s": {
      "dsqwen-7b": null,
      "dsllama-8b": null,
      "dsqwen-14b": null
    },
    "final_awake": {
      "dsqwen-7b": 1,
      "dsllama-8b": 1,
      "dsqwen-14b": 1
    }
  }
}