{
  "arm": "apa",
  "trace": "t1",
  "axis": "A1 demand_shift",
  "tier": "tight(1.0)",
  "n_requests": 24182,
  "n_200": 15485,
  "n_503": 8696,
  "n_status0": 1,
  "V_sys_time_frac_weighted": 0.358166,
  "V_sys_request_frac_weighted": 0.554214,
  "unload_503_rate": 0.359606,
  "per_model": {
    "dsllama-8b": {
      "n_requests": 7193,
      "n_200": 4615,
      "n_503": 2577,
      "unload_503_rate": 0.358265,
      "violation_time_frac": 0.4258064516129032,
      "violation_request_frac": 0.6226887251494508,
      "p95_ttft_ms_200": 33288.85,
      "p95_e2e_ms_200": 64900.28
    },
    "dsqwen-14b": {
      "n_requests": 4937,
      "n_200": 4937,
      "n_503": 0,
      "unload_503_rate": 0.0,
      "violation_time_frac": 0.0,
      "violation_request_frac": 0.0,
      "p95_ttft_ms_200": 55.39,
      "p95_e2e_ms_200": 2189.39
    },
    "dsqwen-7b": {
      "n_requests": 12052,
      "n_200": 5933,
      "n_503": 6119,
      "unload_503_rate": 0.507717,
      "violation_time_frac": 0.4645161290322581,
      "violation_request_frac": 0.7403750414868902,
      "p95_ttft_ms_200": 22409.02,
      "p95_e2e_ms_200": 48853.6
    }
  },
  "behavior": {
    "peak_awake": {
      "dsqwen-7b": 1,
      "dsllama-8b": 1,
      "dsqwen-14b": 1
    },
    "first_scaleup_s": {
      "dsqwen-7b": null,
      "dsllama-8b": null,
      "dsqwen-14b": null
    },
    "final_awake": {
      "dsqwen-7b": 1,
      "dsllama-8b": 1,
      "dsqwen-14b": 1
    }
  }
}