{
  "arm": "tre",
  "trace": "t1",
  "axis": "A1 demand_shift",
  "tier": "tight(1.0)",
  "n_requests": 24182,
  "n_200": 19734,
  "n_503": 4448,
  "n_status0": 0,
  "V_sys_time_frac_weighted": 0.32347,
  "V_sys_request_frac_weighted": 0.42267,
  "unload_503_rate": 0.183938,
  "per_model": {
    "dsllama-8b": {
      "n_requests": 7193,
      "n_200": 6073,
      "n_503": 1120,
      "unload_503_rate": 0.155707,
      "violation_time_frac": 0.4064516129032258,
      "violation_request_frac": 0.605727790907827,
      "p95_ttft_ms_200": 18047.71,
      "p95_e2e_ms_200": 38511.82
    },
    "dsqwen-14b": {
      "n_requests": 4937,
      "n_200": 4937,
      "n_503": 0,
      "unload_503_rate": 0.0,
      "violation_time_frac": 0.0,
      "violation_request_frac": 0.0,
      "p95_ttft_ms_200": 99.22,
      "p95_e2e_ms_200": 2222.46
    },
    "dsqwen-7b": {
      "n_requests": 12052,
      "n_200": 8724,
      "n_503": 3328,
      "unload_503_rate": 0.276137,
      "violation_time_frac": 0.4064516129032258,
      "violation_request_frac": 0.4865582475937604,
      "p95_ttft_ms_200": 10876.69,
      "p95_e2e_ms_200": 24909.44
    }
  },
  "behavior": {
    "peak_awake": {
      "dsqwen-7b": 4,
      "dsllama-8b": 2,
      "dsqwen-14b": 1
    },
    "first_scaleup_s": {
      "dsqwen-7b": 141.0,
      "dsllama-8b": 422.0,
      "dsqwen-14b": null
    },
    "final_awake": {
      "dsqwen-7b": 4,
      "dsllama-8b": 2,
      "dsqwen-14b": 1
    }
  }
}