{
  "arm": "apa",
  "trace": "t7",
  "axis": "A2b anticorrelated_hot",
  "tier": "tight(1.0)",
  "n_requests": 42495,
  "n_200": 28139,
  "n_503": 14352,
  "n_status0": 4,
  "V_sys_time_frac_weighted": 0.454286,
  "V_sys_request_frac_weighted": 0.527944,
  "unload_503_rate": 0.337734,
  "per_model": {
    "dsllama-8b": {
      "n_requests": 13870,
      "n_200": 9551,
      "n_503": 4315,
      "unload_503_rate": 0.311103,
      "violation_time_frac": 0.5525114155251142,
      "violation_request_frac": 0.5519105984138428,
      "p95_ttft_ms_200": 31210.56,
      "p95_e2e_ms_200": 62425.59
    },
    "dsqwen-14b": {
      "n_requests": 6565,
      "n_200": 6563,
      "n_503": 2,
      "unload_503_rate": 0.000305,
      "violation_time_frac": 0.0547945205479452,
      "violation_request_frac": 0.0003046458492003046,
      "p95_ttft_ms_200": 65.13,
      "p95_e2e_ms_200": 2200.01
    },
    "dsqwen-7b": {
      "n_requests": 22060,
      "n_200": 12025,
      "n_503": 10035,
      "unload_503_rate": 0.454896,
      "violation_time_frac": 0.5114155251141552,
      "violation_request_frac": 0.6699002719854941,
      "p95_ttft_ms_200": 19782.43,
      "p95_e2e_ms_200": 45942.46
    }
  },
  "behavior": {
    "peak_awake": {
      "dsqwen-7b": 1,
      "dsllama-8b": 1,
      "dsqwen-14b": 1
    },
    "first_scaleup_s": {
      "dsqwen-7b": null,
      "dsllama-8b": null,
      "dsqwen-14b": null
    },
    "final_awake": {
      "dsqwen-7b": 1,
      "dsllama-8b": 1,
      "dsqwen-14b": 1
    }
  }
}