{
  "http_5xx": 1564,
  "http_5xx_frac": 0.046721433905899924,
  "requests": 33475,
  "status_zero": 2,
  "status_zero_frac": 5.974607916355489e-05
}
